planet_name,disposition,radius_earth,estimated_mass_earth,period_days,temperature_k,semi_major_axis_au,insolation_flux,in_hz_conservative,in_hz_optimistic,esi,temp_score,size_mass_score,habitability_score,habitability_category
Kepler-296 e,CONFIRMED,1.06,1.2405997847581895,34.1420506,248.0,0.151,0.89,True,True,0.9368757953678474,0.0,1.0,0.7342189488419618,High
Kepler-442 b,CONFIRMED,1.3,2.639917795300617,112.303136,241.0,0.3874,0.79,True,True,0.7740807674720174,0.0,0.8933470341165639,0.6775222469854889,Moderate
Kepler-1410 b,CONFIRMED,1.39,3.3818532715660754,60.8660974,244.0,0.2465,0.84,True,True,0.7233257739502053,0.0,0.7696911214056541,0.6462851116983994,Moderate
Kepler-438 b,CONFIRMED,0.97,0.8934194784503181,35.2330694,288.0,0.1729,1.62,False,False,0.9767609823706549,1.0,1.0,0.6441902455926637,Moderate
Kepler-395 c,CONFIRMED,1.14,1.623857628803667,34.9897847,292.0,0.1691,1.71,False,False,0.8961863369726051,0.9968051145430329,1.0,0.6232478628789095,Moderate
,FALSE POSITIVE,1.01,1.0375023354504094,401.5907,256.0,1.0572,1.02,True,True,0.9775242483418356,0.0,1.0,0.5955048496683671,Moderate
,CANDIDATE,1.04,1.1561744170466812,449.01499,258.0,1.137,1.04,True,True,0.9563972723768083,0.0,1.0,0.5912794544753617,Moderate
,FALSE POSITIVE,0.95,0.8271367927492563,358.101884,242.0,0.9525,0.81,True,True,0.9390894974309276,0.0,1.0,0.5878178994861856,Moderate
Kepler-1512 b,CONFIRMED,0.8,0.4379584921563907,20.35971899,276.0,0.1025,1.38,False,False,0.8193613498383608,0.9716107671891228,0.9224481151954884,0.5861102465361941,Moderate
,FALSE POSITIVE,1.08,1.329437409281771,367.19796,253.0,0.9925,0.96,True,True,0.9249920936937569,0.0,1.0,0.5849984187387514,Moderate
,FALSE POSITIVE,0.89,0.6497451173508033,226.499243,245.0,0.6692,0.86,True,True,0.8903685722663335,0.0,1.0,0.5780737144532667,Moderate
Kepler-186 e,CONFIRMED,1.15,1.6771890151703222,22.40777833,319.0,0.1194,2.44,False,False,0.8791619411915217,0.825141823623021,1.0,0.5760759412036357,Moderate
,CANDIDATE,1.15,1.6771890151703222,299.70688,237.0,0.8252,0.75,True,True,0.8682907825702484,0.0,1.0,0.5736581565140496,Moderate
,CANDIDATE,1.18,1.8448600526014403,486.12702,249.0,1.1989,0.91,True,True,0.8538726985555875,0.0,1.0,0.5707745397111176,Moderate
,FALSE POSITIVE,1.18,1.8448600526014403,595.78152,245.0,1.3209,0.85,True,True,0.852013706260262,0.0,1.0,0.5704027412520524,Moderate
,FALSE POSITIVE,1.26,2.351640965272471,436.42852,245.0,1.1288,0.86,True,True,0.8003637254447975,0.0,0.9413931724545881,0.55303992578351,Moderate
Kepler-249 d,CONFIRMED,1.11,1.471278950229015,15.36845737,332.0,0.0922,2.86,False,False,0.9022029168562518,0.6789552902885679,1.0,0.545289551786205,Moderate
,CANDIDATE,1.31,2.7158375826024193,302.779824,246.0,0.8412,0.87,True,True,0.7702303872504613,0.0,0.8806937362329301,0.5397293257980439,Moderate
,FALSE POSITIVE,1.31,2.7158375826024193,350.65158,243.0,0.9467,0.83,True,True,0.7689535815560831,0.0,0.8806937362329301,0.5394739646591682,Moderate
,CANDIDATE,1.32,2.7933383601863113,376.24253,254.0,1.0124,0.99,True,True,0.7675583540495041,0.0,0.8677769399689481,0.5376449036061746,Moderate
,CANDIDATE,1.33,2.872440699354168,379.67276,247.0,0.9933,0.88,True,True,0.7587939770951844,0.0,0.8545932167743053,0.5343099814319535,Moderate
,FALSE POSITIVE,1.33,2.872440699354168,259.85736,237.0,0.7471,0.74,True,True,0.7545453427508149,0.0,0.8545932167743053,0.5334602545630797,Moderate
,FALSE POSITIVE,1.35,3.035532894306893,243.954706,257.0,0.7299,1.03,True,True,0.7511178097447997,0.0,0.8274111842821845,0.529512904062822,Moderate
,CANDIDATE,1.36,3.1195644386133887,331.55459,240.0,0.8995,0.78,True,True,0.7385320507774035,0.0,0.8134059268977685,0.5253151213832129,Moderate
,CANDIDATE,1.37,3.205280921059518,445.21685,237.0,1.061,0.74,True,True,0.7316093141009206,0.0,0.7991198464900804,0.5222162443989937,Moderate
,FALSE POSITIVE,0.74,0.32821419726287737,31.5073649,253.0,0.1422,0.97,True,True,0.7487758606333759,0.0,0.6852677465785966,0.5119873017161067,Moderate
Kepler-54 d,CONFIRMED,1.3,2.639917795300617,20.99587872,328.0,0.117,2.74,False,False,0.7791101792341788,0.7261490370736909,0.8933470341165639,0.510316859194452,Moderate
,FALSE POSITIVE,1.41,3.5654201684825355,410.11676,242.0,1.0034,0.81,True,True,0.7115542367194272,0.0,0.7140966385862441,0.5080024439742348,Moderate
Kepler-220 e,CONFIRMED,1.18,1.8448600526014403,45.9029768,341.0,0.2166,3.19,False,False,0.8511817883763997,0.570181812337605,1.0,0.5053409001785012,Moderate
Kepler-1652 b,CONFIRMED,1.58,6.864742030158441,38.0970717,242.0,0.1667,0.81,True,True,0.5845150884121572,0.0,0.05,0.5036287721030392,Moderate
,FALSE POSITIVE,1.42,3.6598802378124193,357.77096,249.0,0.9427,0.9,True,True,0.7088742540596552,0.0,0.6733532936979301,0.5025772460556827,Moderate
,FALSE POSITIVE,1.1,1.4228297427836396,114.734287,296.0,0.4069,1.82,False,False,0.9229375378346923,0.9872815715902905,1.0,0.5020438218849966,Moderate
Kepler-138 d,CONFIRMED,1.24,2.216461720000726,23.08902241,338.0,0.1264,3.1,False,False,0.8131393721142942,0.6065306597126334,0.9639230466665456,0.49950596495671373,Moderate
,FALSE POSITIVE,1.09,1.3755552614228304,229.948531,301.0,0.7177,1.93,False,False,0.9281424333249935,0.9667648382711531,1.0,0.4989814543192293,Moderate
Kepler-1126 c,CONFIRMED,1.45,3.954227100762263,199.66876,305.0,0.6193,2.06,False,False,0.7009886487152405,0.9438386963005431,0.5492954832062895,0.4936011587348893,Moderate
,CANDIDATE,1.0,1.0,109.43946,314.0,0.419,2.31,False,False,0.9890232429598627,0.8735411859788502,1.0,0.4925128857877426,Moderate
,CANDIDATE,0.96,0.8598121191340817,362.22202,312.0,0.952,2.25,False,False,0.9589308180860625,0.8911878885041844,1.0,0.49002374131804943,Moderate
Kepler-1544 b,CONFIRMED,1.69,7.875037700282099,168.81133,241.0,0.5459,0.8,True,True,0.5575890217370145,0.0,0.0,0.4893972554342536,Moderate
,CANDIDATE,1.19,1.9033723546493149,122.58481,279.0,0.4192,1.43,False,False,0.8598956975050046,0.9839305142725083,1.0,0.4887652423555026,Moderate
,CANDIDATE,1.19,1.9033723546493149,42.049523793,303.0,0.186,2.0,False,False,0.8578112578390618,0.9559974818331,1.0,0.4827617479344324,Moderate
Kepler-283 c,CONFIRMED,1.87,9.681009392897991,92.7495777,240.0,0.3378,0.78,True,True,0.5187855345289109,0.0,0.0,0.47969638363222766,Moderate
,FALSE POSITIVE,1.23,2.1510421093269,237.26601,299.0,0.7335,1.89,False,False,0.8328049145807767,0.9760904721403703,0.9748263151121834,0.4787582351576914,Moderate
,FALSE POSITIVE,1.18,1.8448600526014403,55.7002642,309.0,0.2492,2.14,False,False,0.8623655553937534,0.9155777428619776,1.0,0.4755886596511462,Moderate
,CANDIDATE,1.26,2.351640965272471,215.732414,292.0,0.6553,1.72,False,False,0.8159598731575737,0.9968051145430329,0.9413931724545881,0.47552017823467185,Moderate
,FALSE POSITIVE,0.68,0.24003964566677144,14.3400358,248.0,0.0622,0.89,True,True,0.6818734568470887,0.0,0.4750495570834643,0.47338063821943344,Moderate
,CANDIDATE,1.15,1.6771890151703222,96.16705,313.0,0.3774,2.26,False,False,0.881348021740619,0.8824969025845955,1.0,0.47276898486504293,Moderate
,FALSE POSITIVE,1.47,4.159816168055133,316.57747,255.0,0.9079,1.01,True,True,0.6847142668691201,0.0,0.4650306386574779,0.4727465300127214,Moderate
,FALSE POSITIVE,1.26,2.351640965272471,319.30633,279.0,0.9383,1.44,False,False,0.8141097655931537,0.9839305142725083,0.9413931724545881,0.472575236667683,Moderate
Kepler-1058 b,CONFIRMED,2.11,12.385112988182156,110.9643706,239.0,0.3679,0.77,True,True,0.47504788291592376,0.0,0.0,0.4687619707289809,Moderate
,FALSE POSITIVE,1.48,4.265484291918566,397.72733,253.0,1.0781,0.97,True,True,0.6788770027082656,0.0,0.42241928468023904,0.4664657147032818,Moderate
Kepler-367 c,CONFIRMED,1.16,1.7317873386937765,53.5783052,357.0,0.2543,3.82,False,False,0.8591802618513394,0.38589112843021894,1.0,0.46126784757038963,Moderate
Kepler-22 b,CONFIRMED,2.34,15.29551531744195,289.864067,257.0,0.7961,1.03,True,True,0.44432394153782695,0.0,0.0,0.46108098538445674,Moderate
,CANDIDATE,1.31,2.7158375826024193,65.415183,295.0,0.2732,1.79,False,False,0.7837962281708475,0.9902478635182347,0.8806937362329301,0.46049206668576803,Moderate
Kepler-1362 b,CONFIRMED,2.35,15.429157175834916,136.205112,248.0,0.4626,0.89,True,True,0.4408113612222545,0.0,0.0,0.4602028403055636,Moderate
Kepler-1646 b,CONFIRMED,0.95,0.8271367927492563,4.48559215,365.0,0.0295,4.2,False,False,0.9309833972802345,0.3055016803678051,1.0,0.4591212694120099,Moderate
Kepler-1341 b,CONFIRMED,2.51,17.648108128078977,132.9955503,241.0,0.4498,0.8,True,True,0.4178912725410862,0.0,0.0,0.4544728181352715,Moderate
,FALSE POSITIVE,1.3,2.639917795300617,124.091252,305.0,0.4619,2.04,False,False,0.7865573310675853,0.9438386963005431,0.8933470341165639,0.45328084956761344,Moderate
,FALSE POSITIVE,1.35,3.035532894306893,203.250506,292.0,0.626,1.71,False,False,0.7608780014577591,0.9968051145430329,0.8274111842821845,0.4508259653140206,Moderate
Kepler-296 b,CONFIRMED,1.14,1.623857628803667,10.8644095,363.0,0.0704,4.09,False,False,0.8706830095199233,0.32465246735834974,1.0,0.44883386921956825,Moderate
,FALSE POSITIVE,1.36,3.1195644386133887,215.15218,287.0,0.6824,1.61,False,False,0.7560117245288437,0.9998000199986667,0.8134059268977685,0.4487710601332343,Moderate
,CANDIDATE,1.35,3.035532894306893,179.25465,301.0,0.5702,1.94,False,False,0.757954616776478,0.9667648382711531,0.8274111842821845,0.44423323312338836,Moderate
,FALSE POSITIVE,1.37,3.205280921059518,293.60581,295.0,0.9057,1.79,False,False,0.7482779511402854,0.9902478635182347,0.7991198464900804,0.4435995445105137,Moderate
,FALSE POSITIVE,1.39,3.3818532715660754,399.49671,286.0,1.0824,1.59,False,False,0.7384616172513185,0.9992003199146837,0.7696911214056541,0.439895322001879,Moderate
Kepler-1636 b,CONFIRMED,3.2,28.964745701893293,425.483539,248.0,1.1546,0.89,True,True,0.3480482269274415,0.0,0.0,0.43701205673186033,Moderate
,FALSE POSITIVE,1.4,3.47275169540782,251.958533,291.0,0.7799,1.69,False,False,0.7325189084900524,0.9982016190284373,0.7545413840986968,0.4366890715955416,Moderate
Kepler-1582 b,CONFIRMED,0.79,0.4180423089365575,4.83809469,354.0,0.0316,3.7,False,False,0.7918977371685074,0.41844910891303544,0.8808862195040301,0.43471964444599026,Moderate
,CANDIDATE,1.27,2.4214403080479405,150.728285,321.0,0.5487,2.51,False,False,0.799804317710403,0.804286282838474,0.9297599486586765,0.43238931394881663,Moderate
,CANDIDATE,1.05,1.1978443991707928,34.0357766,337.0,0.1634,3.06,False,False,0.9431447467431723,0.6186596475026225,1.0,0.43236087884915897,Moderate
Kepler-967 c,CONFIRMED,3.56,36.0015964941568,198.7106251,258.0,0.6253,1.05,True,True,0.32176936866948413,0.0,0.0,0.430442342167371,Moderate
,FALSE POSITIVE,1.33,2.872440699354168,426.34444,314.0,1.1269,2.29,False,False,0.7655738335842415,0.8735411859788502,0.8545932167743053,0.430374189925535,Moderate
,FALSE POSITIVE,1.2,1.9632274165996795,379.65261,330.0,0.9747,2.8,False,False,0.8416753628836989,0.7027177228683976,1.0,0.4288786171504193,Moderate
Kepler-296 d,CONFIRMED,1.52,6.3434377675410225,19.85029495,297.0,0.1052,1.83,False,False,0.6115660133467662,0.9839305142725083,0.2,0.4288741319048186,Moderate
,FALSE POSITIVE,1.51,6.258593383218684,419.92898,255.0,1.0835,1.0,True,True,0.6071035439823063,0.0,0.225,0.4284207087964612,Moderate
,FALSE POSITIVE,1.53,6.42886465860261,378.65484,258.0,1.0238,1.04,True,True,0.6026379954672383,0.0,0.175,0.4215275990934477,Moderate
,CANDIDATE,0.87,0.5973395008207247,18.9060921,336.0,0.1088,3.03,False,False,0.8735037316746627,0.6307788205474283,1.0,0.42085651044441824,Moderate
,FALSE POSITIVE,1.43,3.756153557657528,386.35444,287.0,1.0569,1.6,False,False,0.7165780299182357,0.9998000199986667,0.632307740390412,0.41915253883022996,Moderate
,FALSE POSITIVE,1.35,3.035532894306893,260.54832,318.0,0.8213,2.43,False,False,0.7525820753583626,0.835270211411272,0.8274111842821845,0.41685979946778906,Moderate
,CANDIDATE,1.29,2.565558536609861,77.177672,327.0,0.3193,2.7,False,False,0.785512413179475,0.7377133090335346,0.9057402438983564,0.4133339737104047,Moderate
,FALSE POSITIVE,1.38,3.2927034574021925,114.661733,316.0,0.4053,2.37,False,False,0.7360103035280355,0.8548750167246695,0.7845494237663013,0.41232299490249713,Moderate
,CANDIDATE,1.43,3.756153557657528,91.507044,302.0,0.3385,1.97,False,False,0.7125988131782184,0.9615583782382694,0.632307740390412,0.410708367130147,Moderate
,CANDIDATE,1.26,2.351640965272471,182.453195,332.0,0.6199,2.89,False,False,0.8024682858861754,0.6789552902885679,0.9413931724545881,0.40925189592949923,Moderate
,FALSE POSITIVE,1.03,1.1155723240058217,12.5748872,349.0,0.0782,3.49,False,False,0.953162374771425,0.4751142393353591,1.0,0.40565532282135686,Moderate
,FALSE POSITIVE,1.18,1.8448600526014403,283.72675,341.0,0.8865,3.2,False,False,0.8511817883763997,0.570181812337605,1.0,0.40427272014280097,Moderate
,FALSE POSITIVE,1.58,6.864742030158441,452.40428,256.0,1.1753,1.01,True,True,0.5889400903508287,0.0,0.05,0.4037880180701657,Moderate
,CANDIDATE,1.16,1.7317873386937765,209.967521,344.0,0.7116,3.29,False,False,0.8635648373477235,0.5340851477595171,1.0,0.39952999702144815,Low
,FALSE POSITIVE,1.59,6.953667137637205,434.39148,236.0,1.0834,0.73,True,True,0.5799952501397024,0.0,0.025,0.3989990500279405,Low
Kepler-1185 b,CONFIRMED,1.39,3.3818532715660754,104.3519624,355.0,0.4297,3.74,False,False,0.7190511258217842,0.40746509761252764,0.7696911214056541,0.3970827240694261,Low
,CANDIDATE,1.26,2.351640965272471,107.904526,337.0,0.4253,3.05,False,False,0.8008585119112497,0.6186596475026225,0.9413931724545881,0.39687081257732504,Low
,FALSE POSITIVE,1.61,7.133268169227035,391.420272,256.0,1.0291,1.01,True,True,0.5813691467036918,0.0,0.0,0.3962738293407384,Low
,CANDIDATE,1.62,7.22394438519506,347.97611,253.0,0.9577,0.97,True,True,0.5779848367562114,0.0,0.0,0.3955969673512423,Low
Kepler-437 b,CONFIRMED,1.56,6.688641895558742,66.6504521,308.0,0.2875,2.14,False,False,0.5980487369782698,0.9231163463866358,0.1,0.3952912708412264,Low
,FALSE POSITIVE,1.62,7.22394438519506,357.13089,246.0,0.9831,0.87,True,True,0.5758164842021783,0.0,0.0,0.3951632968404357,Low
,CANDIDATE,1.28,2.492739454742262,36.7662364,336.0,0.1754,3.02,False,False,0.7887822701072507,0.6307788205474283,0.9178767575429563,0.39405742903609053,Low
,CANDIDATE,1.66,7.592490614948123,545.205601,257.0,1.3395,1.03,True,True,0.5694800707090493,0.0,0.0,0.39389601414180986,Low
,FALSE POSITIVE,1.67,7.686088226425626,389.14115,250.0,1.0198,0.92,True,True,0.5650266627931073,0.0,0.0,0.39300533255862147,Low
,FALSE POSITIVE,1.68,7.780270541654074,321.55087,250.0,0.8994,0.92,True,True,0.5626808416448731,0.0,0.0,0.39253616832897464,Low
,CANDIDATE,1.7,7.9703898411626,419.2615,256.0,1.0308,1.02,True,True,0.5598133402014861,0.0,0.0,0.3919626680402972,Low
,FALSE POSITIVE,1.46,4.056071166697495,244.86662,273.0,0.7506,1.31,False,True,0.6960595145314954,0.9559974818331,0.5073214722170841,0.3912899759389692,Low
Kepler-69 c,CONFIRMED,1.73,8.259957534104098,242.467406,286.0,0.7106,1.59,False,False,0.5609456557701245,0.9992003199146837,0.0,0.39003649392120204,Low
,CANDIDATE,1.73,8.259957534104098,365.739893,241.0,0.9391,0.8,True,True,0.5485264781674318,0.0,0.0,0.3897052956334863,Low
